<?xml version="1.0" encoding="UTF-8"?>
<beans xmlns="http://www.springframework.org/schema/beans"
	xmlns:xsi="http://www.w3.org/2001/XMLSchema-instance"
	xmlns:context="http://www.springframework.org/schema/context"
	xsi:schemaLocation="http://www.springframework.org/schema/beans http://www.springframework.org/schema/beans/spring-beans.xsd
		http://www.springframework.org/schema/context http://www.springframework.org/schema/context/spring-context-4.3.xsd">

	<!--[1] 자바로 설정한 객체를  xml로 가져오려면 beans루트 엘리먼트에 context 네임스페이스를 추가해야 한다.
		xmlns:context="http://www.springframework.org/schema/context"
		
		xsi:schemaLocation속성 값에도
		http://www.springframework.org/schema/context http://www.springframework.org/schema/context/spring-context-4.3.xsd"
		추가
	 -->
	
	<context:annotation-config/>
	<!--[2] <context:annotation-config/> 는 자바로 등록된 빈들의 어노테이션을 활성화시키기 위해 사용된다. -->
	
	<bean id="conf" class="ex08.MyConfig"></bean>
	
	<!--[3] MyConfig클래스를 빈으로 등록해주자.  -->

	<!--영업부, 홍길동, 5500 주입하기  -->
	<bean id="emp1" class="ex08.Emp">
		<property name="name" value="홍길동"/>
		<property name="dept" value="영업부"/>
		<property name="salary" value="5500"/>
	</bean>
	
	<bean id="svc" class="ex08.ServiceImpl">
		<property name="emp" ref="e1"/>
	</bean>
	
</beans>
